Country,Country code,Cluster1990,Flow_1990_2015,Transition_Types,AA,AB,BA,BB,BC,CB,CC,CD,DB,DC,DD,Cluster2015,Life_expectancy,population,CO2(ton),unemployment rate,"Industry, value added (% of GDP)",agriculture add(%gdp)
Afghanistan,AFG,ClusterD_1990,D_1990-D_2015,DD,0,0,0,0,0,0,0,0,0,0,1,ClusterD_2015,28.08461538,23231772.48,0.138101396,4.861920015,24.32234419,28.4778878
Albania,ALB,ClusterB_1990,B_1990-B_2015,BB,0,0,0,1,0,0,0,0,0,0,0,ClusterB_2015,35.4,3050069.111,1.210456913,14.72839993,24.39802366,29.73400535
Algeria,DZA,ClusterB_1990,B_1990-B_2015,BB,0,0,0,1,0,0,0,0,0,0,0,ClusterB_2015,28.82,32786335.85,3.120851913,19.00264004,52.45121215,10.19751446
Andorra,AND,ClusterA_1990,A_1990-A_2015,AA,1,0,0,0,0,0,0,0,0,0,0,ClusterA_2015,83.69615385,71991.55556,6.888829993,3.8375,15.77894754,0.479690037
Angola,AGO,ClusterD_1990,D_1990-C_2015,DC,0,0,0,0,0,0,0,0,0,1,0,ClusterC_2015,26.98,19107242.56,0.815452945,6.826720009,58.59993862,10.7956277
Antigua and Barbuda,ATG,ClusterA_1990,A_1990-B_2015,AB,0,1,0,0,0,0,0,0,0,0,0,ClusterB_2015,33.54,85368.44444,4.550279666,8.33,16.82049837,1.956265428
Argentina,ARG,ClusterB_1990,B_1990-B_2015,BB,0,0,0,1,0,0,0,0,0,0,0,ClusterB_2015,33.2,38313441.07,4.001113531,11.3210001,30.57393274,7.225862395
Armenia,ARM,ClusterB_1990,B_1990-B_2015,BB,0,0,0,1,0,0,0,0,0,0,0,ClusterB_2015,34,3072882,1.344459287,17.63775993,37.12741871,26.68228028
Aruba,ABW,ClusterA_1990,A_1990-A_2015,AA,1,0,0,0,0,0,0,0,0,0,0,ClusterA_2015,34.42,91529.51852,22.53348631,6.9,18.29501486,0.466562491
Australia,AUS,ClusterA_1990,A_1990-A_2015,AA,1,0,0,0,0,0,0,0,0,0,0,ClusterA_2015,34.05,20170336,16.72216196,6.751720009,27.78086397,3.158725228
Austria,AUT,ClusterA_1990,A_1990-A_2015,AA,1,0,0,0,0,0,0,0,0,0,0,ClusterA_2015,34.4,8164153.556,7.902887479,4.802919989,30.80038232,1.929449104
Azerbaijan,AZE,ClusterB_1990,B_1990-B_2015,BB,0,0,0,1,0,0,0,0,0,0,0,ClusterB_2015,29.17,8370866.148,4.184062123,6.422359943,50.01973366,15.83250438
Bahamas,BHS,ClusterA_1990,A_1990-B_2015,AB,0,1,0,0,0,0,0,0,0,0,0,ClusterB_2015,35.18,320796.2593,5.622257822,11.43848013,16.44402651,2.61435313
Bahrain,BHR,ClusterA_1990,A_1990-A_2015,AA,1,0,0,0,0,0,0,0,0,0,0,ClusterA_2015,30.3,879973.037,24.28725606,1.329200006,42.96423346,0.5886398
Bangladesh,BGD,ClusterD_1990,D_1990-C_2015,DC,0,0,0,0,0,0,0,0,0,1,0,ClusterC_2015,25.5,136890951.7,0.267144377,3.81236002,24.63119286,21.96477435
Barbados,BRB,ClusterB_1990,B_1990-B_2015,BB,0,0,0,1,0,0,0,0,0,0,0,ClusterB_2015,32.12,272624.5556,4.517667012,12.89520014,16.52466461,2.454889468
Belarus,BLR,ClusterB_1990,B_1990-B_2015,BB,0,0,0,1,0,0,0,0,0,0,0,ClusterB_2015,36.2,9820828.741,6.283098855,0.664840008,41.09636536,13.04553744
Belgium,BEL,ClusterA_1990,A_1990-A_2015,AA,1,0,0,0,0,0,0,0,0,0,0,ClusterA_2015,40.10038462,10519764.52,10.39100746,7.97239996,25.38495309,1.051288819
Belize,BLZ,ClusterB_1990,B_1990-B_2015,BB,0,0,0,1,0,0,0,0,0,0,0,ClusterB_2015,26.5,270211.3704,1.639380029,10.83708009,20.05822505,16.13356884
Benin,BEN,ClusterD_1990,D_1990-D_2015,DD,0,0,0,0,0,0,0,0,0,0,1,ClusterD_2015,31,7668311.296,0.342311613,0.990079987,22.6281444,29.11198215
Bermuda,BMU,ClusterA_1990,A_1990-A_2015,AA,1,0,0,0,0,0,0,0,0,0,0,ClusterA_2015,75.10769231,62657.48148,8.706880921,8,9.031897626,0.804278489
Bhutan,BTN,ClusterC_1990,C_1990-B_2015,CB,0,0,0,0,0,1,0,0,0,0,0,ClusterB_2015,28.8,634087.4815,0.648744161,2.562559981,37.27871153,25.29701888
Bolivia,BOL,ClusterC_1990,C_1990-B_2015,CB,0,0,0,0,0,1,0,0,0,0,0,ClusterB_2015,33,8826811.778,1.332899115,4.295640039,33.45028944,14.83512664
Bosnia and Herzegovina,BIH,ClusterB_1990,B_1990-B_2015,BB,0,0,0,1,0,0,0,0,0,0,0,ClusterB_2015,35.1,3814797.556,3.971537676,23.36908012,26.82952285,12.92299841
Botswana,BWA,ClusterC_1990,C_1990-C_2015,CC,0,0,0,0,0,0,1,0,0,0,0,ClusterC_2015,33.6,1809176.222,2.114781227,18.50968006,45.49479868,3.303707897
Brazil,BRA,ClusterB_1990,B_1990-B_2015,BB,0,0,0,1,0,0,0,0,0,0,0,ClusterB_2015,32,180812509.9,1.86090479,10.82771999,28.74087616,6.014005115
Brunei,BRN,ClusterA_1990,A_1990-A_2015,AA,1,0,0,0,0,0,0,0,0,0,0,ClusterA_2015,29.2,347287.1111,17.8216026,2.936360025,63.53799599,0.980292743
Bulgaria,BGR,ClusterB_1990,B_1990-B_2015,BB,0,0,0,1,0,0,0,0,0,0,0,ClusterB_2015,36.35,7868547.185,6.334827757,13.13696005,30.06803324,10.43557865
Burkina Faso,BFA,ClusterD_1990,D_1990-D_2015,DD,0,0,0,0,0,0,0,0,0,0,1,ClusterD_2015,29.2,13053546.48,0.097826916,2.919360008,20.83427022,35.15913713
Burundi,BDI,ClusterD_1990,D_1990-D_2015,DD,0,0,0,0,0,0,0,0,0,0,1,ClusterD_2015,31.5,7398549.63,0.033080038,1.617559996,17.65249921,45.9601761
Cambodia,KHM,ClusterD_1990,D_1990-C_2015,DC,0,0,0,0,0,0,0,0,0,1,0,ClusterC_2015,35,12639692.41,0.221469637,0.984919995,22.75271917,37.98661958
Cameroon,CMR,ClusterC_1990,C_1990-D_2015,CD,0,0,0,0,0,0,0,1,0,0,0,ClusterD_2015,28.75,16933691.44,0.25901971,5.181680098,30.6180499,23.10417125
Canada,CAN,ClusterA_1990,A_1990-A_2015,AA,1,0,0,0,0,0,0,0,0,0,0,ClusterA_2015,39.01846154,31838919.3,16.20065685,8.048000031,29.32261158,1.631591515
Cape Verde,CPV,ClusterC_1990,C_1990-B_2015,CB,0,0,0,0,0,1,0,0,0,0,0,ClusterB_2015,33.8,450792.7407,0.658497831,10.89740005,20.06375936,9.967068371
Central African Republic,CAF,ClusterD_1990,D_1990-D_2015,DD,0,0,0,0,0,0,0,0,0,0,1,ClusterD_2015,30,3908753.296,0.064899108,6.719360027,16.16185505,51.31198331
Chad,TCD,ClusterD_1990,D_1990-D_2015,DD,0,0,0,0,0,0,0,0,0,0,1,ClusterD_2015,30.9,9642126.37,0.030433546,5.724719963,14.76966652,43.73986657
Chile,CHL,ClusterB_1990,B_1990-A_2015,BA,0,0,1,0,0,0,0,0,0,0,0,ClusterA_2015,32,15724397.22,3.679951614,7.139080029,37.89500854,5.730392933
China,CHN,ClusterC_1990,C_1990-B_2015,CB,0,0,0,0,0,1,0,0,0,0,0,ClusterB_2015,32,1276308704,4.173270092,4.418760004,45.26076085,14.46755552
Colombia,COL,ClusterB_1990,B_1990-B_2015,BB,0,0,0,1,0,0,0,0,0,0,0,ClusterB_2015,32,41919779.11,1.578036679,12.05804008,33.28433862,10.5476296
Comoros,COM,ClusterD_1990,D_1990-C_2015,DC,0,0,0,0,0,0,0,0,0,1,0,ClusterC_2015,32.1,590593.5926,0.186723297,20.10556007,0,0
"Congo, Dem. Rep.",COD,ClusterD_1990,D_1990-D_2015,DD,0,0,0,0,0,0,0,0,0,0,1,ClusterD_2015,31.6,53641907.74,0.042232828,3.650199976,28.08239053,33.31144359
"Congo, Rep.",COG,ClusterC_1990,C_1990-C_2015,CC,0,0,0,0,0,0,1,0,0,0,0,ClusterC_2015,32.7,3628201.222,0.43411402,12.31300003,60.53467098,7.034721793
Costa Rica,CRI,ClusterB_1990,B_1990-B_2015,BB,0,0,0,1,0,0,0,0,0,0,0,ClusterB_2015,30.21,4065688.519,1.497325843,6.525079975,27.05417599,9.999747198
Cote d'Ivoire,CIV,ClusterC_1990,C_1990-D_2015,CD,0,0,0,0,0,0,0,1,0,0,0,ClusterD_2015,31.16,17753985.74,0.399792397,9.232040024,30.4207809,23.1217939
Croatia,HRV,ClusterA_1990,A_1990-B_2015,AB,0,1,0,0,0,0,0,0,0,0,0,ClusterB_2015,36.1,4445956.63,4.443103894,12.58340004,28.66955214,5.517789208
Cuba,CUB,ClusterA_1990,A_1990-B_2015,AB,0,1,0,0,0,0,0,0,0,0,0,ClusterB_2015,34.04230769,11152507.96,2.631460535,3.796999984,22.78120541,6.505989684
Cyprus,CYP,ClusterA_1990,A_1990-A_2015,AA,1,0,0,0,0,0,0,0,0,0,0,ClusterA_2015,38.5,987474.4444,6.789850683,7.664960032,19.56545492,3.809403831
Czech Republic,CZE,ClusterA_1990,A_1990-A_2015,AA,1,0,0,0,0,0,0,0,0,0,0,ClusterA_2015,34.95,10348708.19,11.44609927,6.032800045,37.78554872,2.983721989
Denmark,DNK,ClusterA_1990,A_1990-A_2015,AA,1,0,0,0,0,0,0,0,0,0,0,ClusterA_2015,42.19730769,5402073.741,9.644228927,6.163960047,25.26109683,2.200862786
Djibouti,DJI,ClusterC_1990,C_1990-C_2015,CC,0,0,0,0,0,0,1,0,0,0,0,ClusterC_2015,29.9,756306.6296,0.54060565,6.854039974,16.43883796,3.487340813
Dominica,DMA,ClusterB_1990,B_1990-B_2015,BB,0,0,0,1,0,0,0,0,0,0,0,ClusterB_2015,73.37692308,71118.2963,1.444215558,21.5,17.49566128,16.61819914
Dominican Republic,DOM,ClusterB_1990,B_1990-B_2015,BB,0,0,0,1,0,0,0,0,0,0,0,ClusterB_2015,29.9,8954722.704,2.025426243,15.96228004,31.38365434,8.159387733
Ecuador,ECU,ClusterB_1990,B_1990-B_2015,BB,0,0,0,1,0,0,0,0,0,0,0,ClusterB_2015,32.9,13302575.11,2.064029479,7.703199949,32.21569785,14.75357562
Egypt,EGY,ClusterC_1990,C_1990-B_2015,CB,0,0,0,0,0,1,0,0,0,0,0,ClusterB_2015,33,74839284.52,1.943010407,10.24759998,34.86802839,15.24736764
El Salvador,SLV,ClusterB_1990,B_1990-B_2015,BB,0,0,0,1,0,0,0,0,0,0,0,ClusterB_2015,28.7,5906885,0.946824537,7.010319977,29.16819471,12.43103213
Equatorial Guinea,GNQ,ClusterD_1990,D_1990-B_2015,DB,0,0,0,0,0,0,0,0,1,0,0,ClusterB_2015,29.8,744475.2222,3.435317575,6.870719986,75.98503551,1.262384941
Eritrea,ERI,ClusterD_1990,D_1990-D_2015,DD,0,0,0,0,0,0,0,0,0,0,1,ClusterD_2015,30.2,3597136.045,0.189476256,7.40776001,20.10501602,20.0191233
Estonia,EST,ClusterB_1990,B_1990-A_2015,BA,0,0,1,0,0,0,0,0,0,0,0,ClusterA_2015,37.16230769,1389111.63,12.75894979,9.084240069,29.01331475,4.039622633
Ethiopia,ETH,ClusterD_1990,D_1990-C_2015,DC,0,0,0,0,0,0,0,0,0,1,0,ClusterC_2015,29.7,73555374.81,0.067730792,5.674799976,11.51905826,49.21632842
Fiji,FJI,ClusterC_1990,C_1990-C_2015,CC,0,0,0,0,0,0,1,0,0,0,0,ClusterC_2015,26.1,818573.7407,1.16166804,7.342960014,21.92727577,15.65519483
Finland,FIN,ClusterA_1990,A_1990-A_2015,AA,1,0,0,0,0,0,0,0,0,0,0,ClusterA_2015,34.81038462,5236599.037,10.82879983,10.54096001,32.06879102,3.444286645
France,FRA,ClusterA_1990,A_1990-A_2015,AA,1,0,0,0,0,0,0,0,0,0,0,ClusterA_2015,35.81923077,62411292.56,5.839888531,10.21964001,22.4544571,2.224017149
Gabon,GAB,ClusterC_1990,C_1990-B_2015,CB,0,0,0,0,0,1,0,0,0,0,0,ClusterB_2015,30.6,1384343.407,3.652268396,18.3311599,58.20383212,4.980819903
Gambia,GMB,ClusterC_1990,C_1990-C_2015,CC,0,0,0,0,0,0,1,0,0,0,0,ClusterC_2015,28.8,1401537.111,0.210336546,29.67072006,15.05400969,25.79399586
Georgia,GEO,ClusterB_1990,B_1990-B_2015,BB,0,0,0,1,0,0,0,0,0,0,0,ClusterB_2015,31.87,4288692.593,1.430341412,13.24652,23.79437074,23.96381255
Germany,DEU,ClusterA_1990,A_1990-A_2015,AA,1,0,0,0,0,0,0,0,0,0,0,ClusterA_2015,38.37,81634313.89,10.00773665,7.862279987,31.1303909,0.92913287
Ghana,GHA,ClusterC_1990,C_1990-C_2015,CC,0,0,0,0,0,0,1,0,0,0,0,ClusterC_2015,28,20858106.04,0.364477908,6.544119978,25.17179453,36.11043804
Greece,GRC,ClusterA_1990,A_1990-A_2015,AA,1,0,0,0,0,0,0,0,0,0,0,ClusterA_2015,36.6,10799785.7,7.87807046,12.56031992,19.37508554,4.907272784
Greenland,GRL,ClusterB_1990,B_1990-B_2015,BB,0,0,0,1,0,0,0,0,0,0,0,ClusterB_2015,33.87,56238.25926,9.9668307,7.7625,16.18728711,13.33342301
Grenada,GRD,ClusterB_1990,B_1990-B_2015,BB,0,0,0,1,0,0,0,0,0,0,0,ClusterB_2015,31.4,102327.037,1.939930796,#DIV/0!,18.44006299,6.629462083
Guatemala,GTM,ClusterC_1990,C_1990-B_2015,CB,0,0,0,0,0,1,0,0,0,0,0,ClusterB_2015,25.8,12660482.07,0.792713874,2.768880014,28.44433407,12.29314561
Guinea,GIN,ClusterD_1990,D_1990-D_2015,DD,0,0,0,0,0,0,0,0,0,0,1,ClusterD_2015,29.62923077,9354652.963,0.191045686,6.836919994,34.96727506,21.81319539
Guinea-Bissau,GNB,ClusterD_1990,D_1990-D_2015,DD,0,0,0,0,0,0,0,0,0,0,1,ClusterD_2015,32,1359561.63,0.15336335,6.655480022,13.70862135,49.41088203
Guyana,GUY,ClusterC_1990,C_1990-C_2015,CC,0,0,0,0,0,0,1,0,0,0,0,ClusterC_2015,31.12,753995.1111,2.04363332,11.33044003,26.85867562,30.60670922
Haiti,HTI,ClusterD_1990,D_1990-D_2015,DD,0,0,0,0,0,0,0,0,0,0,1,ClusterD_2015,29,8979714.889,0.181659176,12.8774799,0,0
Honduras,HND,ClusterB_1990,B_1990-C_2015,BC,0,0,0,0,1,0,0,0,0,0,0,ClusterC_2015,33.9,7031528.037,0.848145969,4.103599997,29.11940652,16.52638618
Hungary,HUN,ClusterB_1990,B_1990-B_2015,BB,0,0,0,1,0,0,0,0,0,0,0,ClusterB_2015,36,10134590.74,5.526974708,8.614960041,30.93553454,5.179973712
Iceland,ISL,ClusterA_1990,A_1990-A_2015,AA,1,0,0,0,0,0,0,0,0,0,0,ClusterA_2015,37.58730769,293320,7.12474072,4.106519985,25.52503826,7.383578033
India,IND,ClusterC_1990,C_1990-C_2015,CC,0,0,0,0,0,0,1,0,0,0,0,ClusterC_2015,25.19923077,1104088507,1.088993272,3.933599977,31.73475553,23.00372024
Indonesia,IDN,ClusterC_1990,C_1990-B_2015,CB,0,0,0,0,0,1,0,0,0,0,0,ClusterB_2015,30,221073385.9,1.476973222,6.820279999,43.66677178,15.76476374
Iran,IRN,ClusterB_1990,B_1990-B_2015,BB,0,0,0,1,0,0,0,0,0,0,0,ClusterB_2015,25.6,68380140.74,5.992267046,11.60464008,40.43315811,9.128215577
Iraq,IRQ,ClusterB_1990,B_1990-B_2015,BB,0,0,0,1,0,0,0,0,0,0,0,ClusterB_2015,31.2,26088453.59,3.557436714,17.57595982,0,0
Ireland,IRL,ClusterA_1990,A_1990-A_2015,AA,1,0,0,0,0,0,0,0,0,0,0,ClusterA_2015,38.3,4076966.593,9.488664753,9.529799938,32.78708248,2.187774236
Israel,ISR,ClusterA_1990,A_1990-A_2015,AA,1,0,0,0,0,0,0,0,0,0,0,ClusterA_2015,32,6659937.037,8.879508001,9.995559959,0,0
Italy,ITA,ClusterA_1990,A_1990-A_2015,AA,1,0,0,0,0,0,0,0,0,0,0,ClusterA_2015,29.69,58050612.7,7.368769132,9.825999985,26.69590166,2.683637487
Jamaica,JAM,ClusterB_1990,B_1990-B_2015,BB,0,0,0,1,0,0,0,0,0,0,0,ClusterB_2015,34.2,2687694.185,3.420710781,13.73831989,26.14047322,6.944477521
Japan,JPN,ClusterA_1990,A_1990-A_2015,AA,1,0,0,0,0,0,0,0,0,0,0,ClusterA_2015,36.405,126685574.5,9.405765793,4.000839996,31.44074994,1.407028928
Jordan,JOR,ClusterB_1990,B_1990-B_2015,BB,0,0,0,1,0,0,0,0,0,0,0,ClusterB_2015,31.7,5932913.815,3.100964936,14.18587997,28.38935942,3.866928377
Kazakhstan,KAZ,ClusterB_1990,B_1990-B_2015,BB,0,0,0,1,0,0,0,0,0,0,0,ClusterB_2015,26.2,15924234.93,11.95388916,8.200400014,37.64066905,9.166165018
Kenya,KEN,ClusterC_1990,C_1990-C_2015,CC,0,0,0,0,0,0,1,0,0,0,0,ClusterC_2015,25.5,34831975.22,0.273271439,10.60939991,18.86969386,29.29015165
Kiribati,KIR,ClusterD_1990,D_1990-D_2015,DD,0,0,0,0,0,0,0,0,0,0,1,ClusterD_2015,24.9,90861.92593,0.457065702,2,8.988218901,25.52938023
North Korea,NOR,ClusterC_1990,C_1990-C_2015,CC,0,0,0,0,0,0,1,0,0,0,0,ClusterC_2015,26,4639491.444,9.147197012,4.093119974,37.45784601,2.068845712
South Korea,KOR,ClusterB_1990,B_1990-A_2015,BA,0,0,1,0,0,0,0,0,0,0,0,ClusterA_2015,25.8,47519157.48,9.328599166,3.479920006,38.04852623,4.21331458
Kuwait,KWT,ClusterA_1990,A_1990-A_2015,AA,1,0,0,0,0,0,0,0,0,0,0,ClusterA_2015,26,2547910.792,27.9391547,1.629559996,63.52820435,0.422065726
Kyrgyz Republic,KGZ,ClusterC_1990,C_1990-C_2015,CC,0,0,0,0,0,0,1,0,0,0,0,ClusterC_2015,23.94,5088688.889,1.312768084,8.548000011,26.41608506,32.31449621
Lao,LAO,ClusterD_1990,D_1990-C_2015,DC,0,0,0,0,0,0,0,0,0,1,0,ClusterC_2015,31.9,5573823.778,0.168358163,1.807799997,23.83555093,42.11411317
Latvia,LVA,ClusterB_1990,B_1990-B_2015,BB,0,0,0,1,0,0,0,0,0,0,0,ClusterB_2015,33,2291338.407,3.582365095,13.37556,25.49176618,4.610783332
Lebanon,LBN,ClusterB_1990,B_1990-B_2015,BB,0,0,0,1,0,0,0,0,0,0,0,ClusterB_2015,29.7,3863242.963,4.33453227,7.589960022,20.61339012,6.022535775
Lesotho,LSO,ClusterC_1990,C_1990-D_2015,CD,0,0,0,0,0,0,0,1,0,0,0,ClusterD_2015,32.8,1912621.63,1.02510517,28.12587997,34.84818729,7.501870408
Liberia,LBR,ClusterD_1990,D_1990-D_2015,DD,0,0,0,0,0,0,0,0,0,0,1,ClusterD_2015,31.1,3146225.296,0.17672985,4.356719971,9.315867652,61.33629186
Libya,LBY,ClusterA_1990,A_1990-B_2015,AB,0,1,0,0,0,0,0,0,0,0,0,ClusterB_2015,33.1,5546896.667,8.773042377,19.13627983,74.05667513,2.97225308
Lithuania,LTU,ClusterA_1990,A_1990-B_2015,AB,0,1,0,0,0,0,0,0,0,0,0,ClusterB_2015,28.9,3351566.111,4.338254149,12.64359995,30.81034987,5.666485136
Luxembourg,LUX,ClusterA_1990,A_1990-A_2015,AA,1,0,0,0,0,0,0,0,0,0,0,ClusterA_2015,36.9,463161,21.92157814,3.800000019,16.26636317,0.543776144
"Macedonia, FYR",MKD,ClusterB_1990,B_1990-B_2015,BB,0,0,0,1,0,0,0,0,0,0,0,ClusterB_2015,36.1,2038739.963,5.099415753,32.51696007,28.38497483,12.20239624
Madagascar,MDG,ClusterD_1990,D_1990-D_2015,DD,0,0,0,0,0,0,0,0,0,0,1,ClusterD_2015,30.5,17607958.93,0.100946282,3.366479983,14.30657753,28.12274495
Malawi,MWI,ClusterD_1990,D_1990-D_2015,DD,0,0,0,0,0,0,0,0,0,0,1,ClusterD_2015,30.3,12818834.41,0.078065401,6.911240005,19.29310322,35.44967599
Malaysia,MYS,ClusterB_1990,B_1990-B_2015,BB,0,0,0,1,0,0,0,0,0,0,0,ClusterB_2015,30.6,24621140.04,6.04938103,3.283519993,42.2725165,10.74903091
Maldives,MDV,ClusterC_1990,C_1990-B_2015,CB,0,0,0,0,0,1,0,0,0,0,0,ClusterB_2015,32.65,313468.7037,1.773231757,3.924880016,15.64372508,6.574397473
Mali,MLI,ClusterD_1990,D_1990-D_2015,DD,0,0,0,0,0,0,0,0,0,0,1,ClusterD_2015,26.41,12493853.37,0.063797784,8.256120005,21.86605684,37.79818406
Malta,MLT,ClusterA_1990,A_1990-A_2015,AA,1,0,0,0,0,0,0,0,0,0,0,ClusterA_2015,28.7,397450.5185,6.095535994,6.658199959,29.07836943,2.289127215
Marshall Islands,MHL,ClusterC_1990,C_1990-C_2015,CC,0,0,0,0,0,0,1,0,0,0,0,ClusterC_2015,65.26538462,51657.96296,1.561196401,28.45,12.08430387,14.80441271
Mauritania,MRT,ClusterC_1990,C_1990-C_2015,CC,0,0,0,0,0,0,1,0,0,0,0,ClusterC_2015,32,3025701.889,0.516793045,13.59532001,32.16966289,30.64487464
Mauritius,MUS,ClusterB_1990,B_1990-B_2015,BB,0,0,0,1,0,0,0,0,0,0,0,ClusterB_2015,28.7,1192002.296,2.368472804,7.460920019,28.63566893,7.084961043
Mexico,MEX,ClusterB_1990,B_1990-B_2015,BB,0,0,0,1,0,0,0,0,0,0,0,ClusterB_2015,26.9,106263580.8,3.971030882,4.002119999,33.63774344,4.158121682
"Micronesia, Fed. Sts.",FSM,ClusterC_1990,C_1990-C_2015,CC,0,0,0,0,0,0,1,0,0,0,0,ClusterC_2015,26.7,105001.2222,1.192417797,21.67,7.199709324,26.23842583
Moldova,MDA,ClusterB_1990,B_1990-B_2015,BB,0,0,0,1,0,0,0,0,0,0,0,ClusterB_2015,33.15,3618568.963,1.888260594,6.613280001,20.29724251,20.587701
Mongolia,MNG,ClusterC_1990,C_1990-B_2015,CB,0,0,0,0,0,1,0,0,0,0,0,ClusterB_2015,31.8,2524315.593,4.789009948,6.372159996,33.00263057,22.97764127
Montenegro,MNE,ClusterA_1990,A_1990-B_2015,AB,0,1,0,0,0,0,0,0,0,0,0,ClusterB_2015,35.4,613545.4074,3.413034967,19.25284019,20.84091383,10.36379475
Morocco,MAR,ClusterB_1990,B_1990-B_2015,BB,0,0,0,1,0,0,0,0,0,0,0,ClusterB_2015,33.1,29946631.7,1.364184532,13.00580002,29.18289445,15.37302794
Mozambique,MOZ,ClusterD_1990,D_1990-D_2015,DD,0,0,0,0,0,0,0,0,0,0,1,ClusterD_2015,30.28,20236086.56,0.098042347,23.70788025,19.49747914,29.17806474
Myanmar,MMR,ClusterD_1990,D_1990-C_2015,DC,0,0,0,0,0,0,0,0,0,1,0,ClusterC_2015,30.8,47113036.04,0.204776522,0.859799998,22.48687556,41.49910187
Namibia,NAM,ClusterC_1990,C_1990-C_2015,CC,0,0,0,0,0,0,1,0,0,0,0,ClusterC_2015,32.4,1955475.481,1.057349454,23.43492004,29.46163311,9.522651754
Nepal,NPL,ClusterD_1990,D_1990-C_2015,DC,0,0,0,0,0,0,0,0,0,1,0,ClusterC_2015,32.8,24462890.04,0.127889427,2.953520002,18.54421148,38.89053949
Netherlands,NLD,ClusterA_1990,A_1990-A_2015,AA,1,0,0,0,0,0,0,0,0,0,0,ClusterA_2015,39.86,16086691.89,10.90909794,4.950999985,24.47692632,2.546879003
Netherlands Antilles,NLD,ClusterA_1990,A_1990-A_2015,AA,1,0,0,0,0,0,0,0,0,0,0,ClusterA_2015,39.86,16086691.89,10.90909794,4.950999985,24.47692632,2.546879003
New Zealand,NZL,ClusterA_1990,A_1990-A_2015,AA,1,0,0,0,0,0,0,0,0,0,0,ClusterA_2015,34.05,4024988.889,7.821320353,6.222679977,24.00717723,8.177732038
Nicaragua,NIC,ClusterB_1990,B_1990-B_2015,BB,0,0,0,1,0,0,0,0,0,0,0,ClusterB_2015,25.4,5209475.296,0.721707246,9.426119919,24.14967433,19.53689186
Niger,NER,ClusterD_1990,D_1990-D_2015,DD,0,0,0,0,0,0,0,0,0,0,1,ClusterD_2015,30.8,13250136.59,0.076427075,2.850560012,0,0
Nigeria,NGA,ClusterD_1990,D_1990-C_2015,DC,0,0,0,0,0,0,0,0,0,1,0,ClusterC_2015,30.4,135188798.9,0.539777626,6.47448,37.93085359,31.43364475
Norway,NOR,ClusterC_1990,C_1990-C_2015,CC,0,0,0,0,0,0,1,0,0,0,0,ClusterC_2015,42.13615385,4639491.444,9.147197012,4.093119974,37.45784601,2.068845712
Oman,OMN,ClusterA_1990,A_1990-A_2015,AA,1,0,0,0,0,0,0,0,0,0,0,ClusterA_2015,32.3,2676802.185,11.14980162,18.37624008,63.33870253,1.286298411
Pakistan,PAK,ClusterC_1990,C_1990-C_2015,CC,0,0,0,0,0,0,1,0,0,0,0,ClusterC_2015,25.70384615,148591881.9,0.809901796,6.018360004,23.20364114,24.78627508
Panama,PAN,ClusterB_1990,B_1990-B_2015,BB,0,0,0,1,0,0,0,0,0,0,0,ClusterB_2015,32.9,3223969.407,1.974195511,10.31584002,21.99846199,5.804061798
Papua New Guinea,PNG,ClusterD_1990,D_1990-D_2015,DD,0,0,0,0,0,0,0,0,0,0,1,ClusterD_2015,31.5,6078481.407,0.604407092,2.589039984,36.73623782,34.25677199
Paraguay,PRY,ClusterB_1990,B_1990-B_2015,BB,0,0,0,1,0,0,0,0,0,0,0,ClusterB_2015,35.5,5543548.444,0.736572019,6.239160004,33.76794749,18.87507685
Peru,PER,ClusterB_1990,B_1990-B_2015,BB,0,0,0,1,0,0,0,0,0,0,0,ClusterB_2015,35.7,26895781.48,1.285888005,6.509120007,34.52399171,8.221899343
Philippines,PHL,ClusterB_1990,B_1990-B_2015,BB,0,0,0,1,0,0,0,0,0,0,0,ClusterB_2015,30.9,82716822.63,0.864133687,8.54039999,32.90741755,15.357517
Poland,POL,ClusterB_1990,B_1990-A_2015,BA,0,0,1,0,0,0,0,0,0,0,0,ClusterA_2015,35.9,38255612.93,8.393953964,12.73116007,33.31508364,3.474701445
Portugal,PRT,ClusterA_1990,A_1990-A_2015,AA,1,0,0,0,0,0,0,0,0,0,0,ClusterA_2015,35.6,10308361.33,5.239439815,7.854360065,25.17004743,3.060320293
Puerto Rico,PRI,ClusterA_1990,A_1990-A_2015,AA,1,0,0,0,0,0,0,0,0,0,0,ClusterA_2015,30.43,3694869.407,0,13.31880009,88.05152345,0.978338202
Qatar,QAT,ClusterA_1990,A_1990-A_2015,AA,1,0,0,0,0,0,0,0,0,0,0,ClusterA_2015,30.8,1111968.296,52.9904383,1.199840018,118.3039988,0.169796591
Romania,ROU,ClusterB_1990,B_1990-B_2015,BB,0,0,0,1,0,0,0,0,0,0,0,ClusterB_2015,35.7,21512095.89,4.754708001,7.017959976,38.47113062,12.73846516
Russia,RUS,ClusterB_1990,B_1990-B_2015,BB,0,0,0,1,0,0,0,0,0,0,0,ClusterB_2015,29.57,145484067.5,11.48395224,8.084999981,37.42724402,6.349099773
Rwanda,RWA,ClusterD_1990,D_1990-C_2015,DC,0,0,0,0,0,0,0,0,0,1,0,ClusterC_2015,31.27692308,8657179.889,0.067183001,2.154760015,16.39305767,32.27219455
St. Lucia,LCA,ClusterB_1990,B_1990-B_2015,BB,0,0,0,1,0,0,0,0,0,0,0,ClusterB_2015,28.01,160302.4815,2.056050209,18.10260006,16.54282699,5.486859345
St. Vincent and the Grenadines,VCT,ClusterB_1990,B_1990-B_2015,BB,0,0,0,1,0,0,0,0,0,0,0,ClusterB_2015,25.99,108568.963,1.6241021,19.51227997,19.56077479,8.52064239
Samoa,WSM,ClusterB_1990,B_1990-B_2015,BB,0,0,0,1,0,0,0,0,0,0,0,ClusterB_2015,25.4,178471.7778,0.844489113,5.68047996,0,0
Sao Tome and Principe,STP,ClusterC_1990,C_1990-C_2015,CC,0,0,0,0,0,0,1,0,0,0,0,ClusterC_2015,31,151909.2963,0.456485961,13.25720004,17.49418466,11.96334762
Saudi Arabia,SAU,ClusterA_1990,A_1990-A_2015,AA,1,0,0,0,0,0,0,0,0,0,0,ClusterA_2015,32.1,23322095.22,15.5574339,5.763840046,54.42799852,4.194537103
Senegal,SEN,ClusterC_1990,C_1990-C_2015,CC,0,0,0,0,0,0,1,0,0,0,0,ClusterC_2015,25.2,10985014.59,0.45863725,9.188999939,23.77984835,17.64045881
Serbia,SRB,ClusterB_1990,B_1990-B_2015,BB,0,0,0,1,0,0,0,0,0,0,0,ClusterB_2015,35.5,7435070.889,5.856398482,17.08612007,30.85991335,14.02491617
Seychelles,SYC,ClusterB_1990,B_1990-B_2015,BB,0,0,0,1,0,0,0,0,0,0,0,ClusterB_2015,37,82164.37037,5.334603349,3.19,23.51396867,3.811091908
Sierra Leone,SLE,ClusterD_1990,D_1990-D_2015,DD,0,0,0,0,0,0,0,0,0,0,1,ClusterD_2015,25.1,5429437.222,0.117110096,3.059840002,19.8597441,51.55158784
Singapore,SGP,ClusterA_1990,A_1990-A_2015,AA,1,0,0,0,0,0,0,0,0,0,0,ClusterA_2015,29.85384615,4307876.963,11.10328542,3.676840014,31.06018982,0.104619539
Slovak Republic,SVK,ClusterB_1990,B_1990-A_2015,BA,0,0,1,0,0,0,0,0,0,0,0,ClusterA_2015,36.4,5375649.37,7.106846923,14.03984009,35.59422224,4.236637576
Slovenia,SVN,ClusterA_1990,A_1990-A_2015,AA,1,0,0,0,0,0,0,0,0,0,0,ClusterA_2015,36.6,2013630,7.441615449,7.136080017,33.88764763,2.767832277
Solomon Islands,SLB,ClusterC_1990,C_1990-C_2015,CC,0,0,0,0,0,0,1,0,0,0,0,ClusterC_2015,25.1,449574.8889,0.380115381,31.7082,12.13327831,38.76689577
Somalia,SOM,ClusterD_1990,D_1990-D_2015,DD,0,0,0,0,0,0,0,0,0,0,1,ClusterD_2015,29.4,10128869.41,0.063357491,6.666119976,0,65.45259173
South Africa,ZAF,ClusterC_1990,C_1990-C_2015,CC,0,0,0,0,0,0,1,0,0,0,0,ClusterC_2015,33.5,46492765.66,8.817014263,23.97836006,32.19908681,3.352158092
Spain,ESP,ClusterA_1990,A_1990-A_2015,AA,1,0,0,0,0,0,0,0,0,0,0,ClusterA_2015,29.5,42808235.67,6.51620047,17.23551998,28.41402741,3.335831892
Sri Lanka,LKA,ClusterB_1990,B_1990-B_2015,BB,0,0,0,1,0,0,0,0,0,0,0,ClusterB_2015,32.6,19129629.63,0.530241253,8.26279995,28.38946857,16.61207883
Sudan,SDN,ClusterC_1990,C_1990-C_2015,CC,0,0,0,0,0,0,1,0,0,0,0,ClusterC_2015,31.4,29585172.74,0.229440935,14.10884003,17.53436261,37.38557791
Suriname,SUR,ClusterB_1990,B_1990-B_2015,BB,0,0,0,1,0,0,0,0,0,0,0,ClusterB_2015,32.9,487091.7778,4.128386223,10.03791998,30.71619558,10.80813831
Swaziland,SWZ,ClusterC_1990,C_1990-D_2015,CD,0,0,0,0,0,0,0,1,0,0,0,ClusterD_2015,32.3,1094226,0.815508694,24.75688011,41.52447278,11.43455081
Sweden,SWE,ClusterA_1990,A_1990-A_2015,AA,1,0,0,0,0,0,0,0,0,0,0,ClusterA_2015,38.26692308,9086409.185,5.670551162,7.350439987,29.16838639,2.011743653
Switzerland,CHE,ClusterA_1990,A_1990-A_2015,AA,1,0,0,0,0,0,0,0,0,0,0,ClusterA_2015,38,7434672.889,5.506339788,3.698799973,27.49498463,1.160877282
Syria,SYR,ClusterB_1990,B_1990-C_2015,BC,0,0,0,0,1,0,0,0,0,0,0,ClusterC_2015,31.1,17178531.7,2.88679733,10.41739996,28.89272534,27.07437762
Tajikistan,TJK,ClusterC_1990,C_1990-C_2015,CC,0,0,0,0,0,0,1,0,0,0,0,ClusterC_2015,24.24,6759024.926,0.453896244,11.34480003,32.81930997,27.24680256
Tanzania,TZA,ClusterD_1990,D_1990-C_2015,DC,0,0,0,0,0,0,0,0,0,1,0,ClusterC_2015,32.2,38523886.41,0.12256661,3.206839991,19.98340557,36.72763718
Thailand,THA,ClusterB_1990,B_1990-B_2015,BB,0,0,0,1,0,0,0,0,0,0,0,ClusterB_2015,30.4,63741659,3.254020698,1.486240003,37.71968128,9.867758159
Timor-Leste,TLS,ClusterD_1990,D_1990-C_2015,DC,0,0,0,0,0,0,0,0,0,1,0,ClusterC_2015,28.95,986404.3704,0.205016505,5.522399998,14.6146237,24.44713135
Togo,TGO,ClusterD_1990,D_1990-D_2015,DD,0,0,0,0,0,0,0,0,0,0,1,ClusterD_2015,31.3,5488508.222,0.272935955,6.95788002,18.98098696,37.23676224
Tonga,TON,ClusterB_1990,B_1990-C_2015,BC,0,0,0,0,1,0,0,0,0,0,0,ClusterC_2015,28.2,100273.4815,1.027560757,5.134839973,18.9847221,23.92217546
Trinidad and Tobago,TTO,ClusterB_1990,B_1990-B_2015,BB,0,0,0,1,0,0,0,0,0,0,0,ClusterB_2015,32.9,1290991.333,24.01032693,10.39680002,50.97562198,1.365241856
Tunisia,TUN,ClusterB_1990,B_1990-B_2015,BB,0,0,0,1,0,0,0,0,0,0,0,ClusterB_2015,25.99615385,9918826.296,2.113607053,14.81355991,30.86768729,11.86003698
Turkey,TUR,ClusterB_1990,B_1990-B_2015,BB,0,0,0,1,0,0,0,0,0,0,0,ClusterB_2015,35,66120284.48,3.472092967,8.939919968,30.62240196,11.8231907
Turkmenistan,TKM,ClusterB_1990,B_1990-B_2015,BB,0,0,0,1,0,0,0,0,0,0,0,ClusterB_2015,24,4675784.889,9.590786757,9.111320038,45.64464868,20.61503804
Uganda,UGA,ClusterD_1990,D_1990-D_2015,DD,0,0,0,0,0,0,0,0,0,0,1,ClusterD_2015,25.3,27704453.33,0.073672369,2.418759987,20.29405234,34.50586381
Ukraine,UKR,ClusterB_1990,B_1990-B_2015,BB,0,0,0,1,0,0,0,0,0,0,0,ClusterB_2015,36.6,48342766.78,7.206893575,8.385960064,35.79317774,13.70887084
United Arab Emirates,ARE,ClusterA_1990,A_1990-A_2015,AA,1,0,0,0,0,0,0,0,0,0,0,ClusterA_2015,30.7,4984745.444,24.98292357,3.290879955,0,0
United Kingdom,GBR,ClusterA_1990,A_1990-A_2015,AA,1,0,0,0,0,0,0,0,0,0,0,ClusterA_2015,40.40423077,60459805.78,8.715959826,6.815560036,23.80645674,0.925744811
United States,USA,ClusterA_1990,A_1990-A_2015,AA,1,0,0,0,0,0,0,0,0,0,0,ClusterA_2015,39.41,288994497.3,18.78791004,6.112000027,21.66864858,1.194412693
Uruguay,URY,ClusterB_1990,B_1990-B_2015,BB,0,0,0,1,0,0,0,0,0,0,0,ClusterB_2015,32.9,3308063.519,1.781394601,10.08572002,27.7347319,8.766270082
Uzbekistan,UZB,ClusterC_1990,C_1990-C_2015,CC,0,0,0,0,0,0,1,0,0,0,0,ClusterC_2015,26.93,25852077.78,4.521001025,9.176959991,29.53006599,28.19673774
Vanuatu,VUT,ClusterC_1990,C_1990-C_2015,CC,0,0,0,0,0,0,1,0,0,0,0,ClusterC_2015,24.3,203528.9259,0.433663411,5.603919926,10.51479723,23.24755313
Venezuela,VEN,ClusterB_1990,B_1990-B_2015,BB,0,0,0,1,0,0,0,0,0,0,0,ClusterB_2015,32.2,25821463.7,6.253313778,10.14255997,50.82444995,4.938622047
West Bank and Gaza,PSE,ClusterB_1990,B_1990-B_2015,BB,0,0,0,1,0,0,0,0,0,0,0,ClusterB_2015,32.1,3198660.222,0.45539235,23.27471985,25.6259129,8.713774277
Vietnam,VNM,ClusterC_1990,C_1990-B_2015,CB,0,0,0,0,0,1,0,0,0,0,0,ClusterB_2015,32,80035314.81,0.95404581,2.331559973,36.87136838,20.50113517
Yemen,YEM,ClusterC_1990,C_1990-C_2015,CC,0,0,0,0,0,0,1,0,0,0,0,ClusterC_2015,23.39,19675152.85,0.839631206,14.88104,40.53482267,16.47084975
Zambia,ZMB,ClusterD_1990,D_1990-D_2015,DD,0,0,0,0,0,0,0,0,0,0,1,ClusterD_2015,32.6,11714196.89,0.22062425,13.26163996,35.21092101,15.5059451
Zimbabwe,ZWE,ClusterC_1990,C_1990-D_2015,CD,0,0,0,0,0,0,0,1,0,0,0,ClusterD_2015,33.7,12839983.44,1.019558631,5.511959953,29.34351954,16.16566056
South Sudan,SSD,ClusterD_1990,D_1990-D_2015,DD,0,0,0,0,0,0,0,0,0,0,1,ClusterD_2015,26.67,8003395.889,0.095595241,12,0,0
"Macao ,China",MAC,ClusterA_1990,A_1990-A_2015,AA,1,0,0,0,0,0,0,0,0,0,0,ClusterA_2015,78.14230769,467048.5185,3.202278433,3.684079981,13.37725157,0
"HongKong ,China",HKG,ClusterA_1990,A_1990-A_2015,AA,1,0,0,0,0,0,0,0,0,0,0,ClusterA_2015,80.88961538,6663385.185,5.821626679,4.110000024,8.486680343,0.069126143
"Taiwan,China",TWN,ClusterA_1990,A_1990-A_2015,AA,1,0,0,0,0,0,0,0,0,0,0,ClusterA_2015,76.76923077,9893860.463,10.56,4.326666667,14,6.3
